regal_code,year_month,time,status
11110,202001,2023-05-07 13:26:50,success
11110,202002,2023-05-07 13:26:51,success
11110,202003,2023-05-07 13:26:53,success
11110,202004,2023-05-07 13:26:54,success
11110,202005,2023-05-07 13:26:55,success
11110,202006,2023-05-07 13:26:56,success
11110,202007,2023-05-07 13:26:58,success
11110,202008,2023-05-07 13:26:59,success
11110,202009,2023-05-07 13:27:00,success
11110,202010,2023-05-07 13:27:01,success
11110,202011,2023-05-07 13:27:03,success
11110,202012,2023-05-07 13:27:04,success
11110,202101,2023-05-07 13:27:05,success
11110,202102,2023-05-07 13:27:06,success
11110,202103,2023-05-07 13:27:07,success
11110,202104,2023-05-07 13:27:09,success
11110,202105,2023-05-07 13:27:10,success
11110,202106,2023-05-07 13:27:11,success
11110,202107,2023-05-07 13:27:13,success
11110,202108,2023-05-07 13:27:14,success
11110,202109,2023-05-07 13:27:15,success
11110,202110,2023-05-07 13:27:16,success
11110,202111,2023-05-07 13:27:18,success
11110,202112,2023-05-07 13:27:19,success
11110,202201,2023-05-07 13:27:20,success
11110,202202,2023-05-07 13:27:22,success
11110,202203,2023-05-07 13:27:23,success
11110,202204,2023-05-07 13:27:24,success
11110,202205,2023-05-07 13:27:25,success
11110,202206,2023-05-07 13:27:27,success
11110,202207,2023-05-07 13:27:28,success
11110,202208,2023-05-07 13:27:29,success
11110,202209,2023-05-07 13:27:30,success
11110,202210,2023-05-07 13:27:32,success
11110,202211,2023-05-07 13:27:33,success
11110,202212,2023-05-07 13:27:34,success
11140,202001,2023-05-07 13:27:35,success
11140,202002,2023-05-07 13:27:37,success
11140,202003,2023-05-07 13:27:38,success
11140,202004,2023-05-07 13:27:39,success
11140,202005,2023-05-07 13:27:40,success
11140,202006,2023-05-07 13:27:41,success
11140,202007,2023-05-07 13:27:43,success
11140,202008,2023-05-07 13:27:44,success
11140,202009,2023-05-07 13:27:45,success
11140,202010,2023-05-07 13:27:46,success
11140,202011,2023-05-07 13:27:48,success
11140,202012,2023-05-07 13:27:49,success
11140,202101,2023-05-07 13:27:50,success
11140,202102,2023-05-07 13:27:51,success
11140,202103,2023-05-07 13:27:52,success
11140,202104,2023-05-07 13:27:54,success
11140,202105,2023-05-07 13:27:55,success
11140,202106,2023-05-07 13:27:56,success
11140,202107,2023-05-07 13:27:57,success
11140,202108,2023-05-07 13:27:59,success
11140,202109,2023-05-07 13:28:00,success
11140,202110,2023-05-07 13:28:01,success
11140,202111,2023-05-07 13:28:02,success
11140,202112,2023-05-07 13:28:04,success
11140,202201,2023-05-07 13:28:05,success
11140,202202,2023-05-07 13:28:06,success
11140,202203,2023-05-07 13:28:07,success
11140,202204,2023-05-07 13:28:08,success
11140,202205,2023-05-07 13:28:10,success
11140,202206,2023-05-07 13:28:11,success
11140,202207,2023-05-07 13:28:12,success
11140,202208,2023-05-07 13:28:13,success
11140,202209,2023-05-07 13:28:14,success
11140,202210,2023-05-07 13:28:16,success
11140,202211,2023-05-07 13:28:17,success
11140,202212,2023-05-07 13:28:18,success
11170,202001,2023-05-07 13:28:19,success
11170,202002,2023-05-07 13:28:20,success
11170,202003,2023-05-07 13:28:22,success
11170,202004,2023-05-07 13:28:23,success
11170,202005,2023-05-07 13:28:25,success
11170,202006,2023-05-07 13:28:26,success
11170,202007,2023-05-07 13:28:27,success
11170,202008,2023-05-07 13:28:28,success
11170,202009,2023-05-07 13:28:29,success
11170,202010,2023-05-07 13:28:31,success
11170,202011,2023-05-07 13:28:32,success
11170,202012,2023-05-07 13:28:33,success
11170,202101,2023-05-07 13:28:34,success
11170,202102,2023-05-07 13:28:36,success
11170,202103,2023-05-07 13:28:37,success
11170,202104,2023-05-07 13:28:38,success
11170,202105,2023-05-07 13:28:39,success
11170,202106,2023-05-07 13:28:40,success
11170,202107,2023-05-07 13:28:42,success
11170,202108,2023-05-07 13:28:43,success
11170,202109,2023-05-07 13:28:44,success
11170,202110,2023-05-07 13:28:45,success
11170,202111,2023-05-07 13:28:47,success
11170,202112,2023-05-07 13:28:48,success
11170,202201,2023-05-07 13:28:49,success
11170,202202,2023-05-07 13:28:50,success
11170,202203,2023-05-07 13:28:52,success
11170,202204,2023-05-07 13:28:53,success
11170,202205,2023-05-07 13:28:54,success
11170,202206,2023-05-07 13:28:56,success
11170,202207,2023-05-07 13:28:57,success
11170,202208,2023-05-07 13:28:58,success
11170,202209,2023-05-07 13:28:59,success
11170,202210,2023-05-07 13:29:01,success
11170,202211,2023-05-07 13:29:02,success
11170,202212,2023-05-07 13:29:03,success
11200,202001,2023-05-07 13:29:04,success
11200,202002,2023-05-07 13:29:06,success
11200,202003,2023-05-07 13:29:07,success
11200,202004,2023-05-07 13:29:08,success
11200,202005,2023-05-07 13:29:09,success
11200,202006,2023-05-07 13:29:10,success
11200,202007,2023-05-07 13:29:12,success
11200,202008,2023-05-07 13:29:13,success
11200,202009,2023-05-07 13:29:14,success
11200,202010,2023-05-07 13:29:15,success
11200,202011,2023-05-07 13:29:17,success
11200,202012,2023-05-07 13:29:18,success
11200,202101,2023-05-07 13:29:19,success
11200,202102,2023-05-07 13:29:20,success
11200,202103,2023-05-07 13:29:21,success
11200,202104,2023-05-07 13:29:23,success
11200,202105,2023-05-07 13:29:24,success
11200,202106,2023-05-07 13:29:25,success
11200,202107,2023-05-07 13:29:26,success
11200,202108,2023-05-07 13:29:27,success
11200,202109,2023-05-07 13:29:29,success
11200,202110,2023-05-07 13:29:30,success
11200,202111,2023-05-07 13:29:31,success
11200,202112,2023-05-07 13:29:33,success
11200,202201,2023-05-07 13:29:34,success
11200,202202,2023-05-07 13:29:35,success
11200,202203,2023-05-07 13:29:36,success
11200,202204,2023-05-07 13:29:37,success
11200,202205,2023-05-07 13:29:39,success
11200,202206,2023-05-07 13:29:40,success
11200,202207,2023-05-07 13:29:41,success
11200,202208,2023-05-07 13:29:42,success
11200,202209,2023-05-07 13:29:43,success
11200,202210,2023-05-07 13:29:45,success
11200,202211,2023-05-07 13:29:46,success
11200,202212,2023-05-07 13:29:47,success
11215,202001,2023-05-07 13:29:48,success
11215,202002,2023-05-07 13:29:50,success
11215,202003,2023-05-07 13:29:51,success
11215,202004,2023-05-07 13:29:52,success
11215,202005,2023-05-07 13:29:53,success
11215,202006,2023-05-07 13:29:55,success
11215,202007,2023-05-07 13:29:56,success
11215,202008,2023-05-07 13:29:57,success
11215,202009,2023-05-07 13:29:58,success
11215,202010,2023-05-07 13:30:00,success
11215,202011,2023-05-07 13:30:01,success
11215,202012,2023-05-07 13:30:02,success
11215,202101,2023-05-07 13:30:03,success
11215,202102,2023-05-07 13:30:04,success
11215,202103,2023-05-07 13:30:06,success
11215,202104,2023-05-07 13:30:07,success
11215,202105,2023-05-07 13:30:08,success
11215,202106,2023-05-07 13:30:09,success
11215,202107,2023-05-07 13:30:11,success
11215,202108,2023-05-07 13:30:12,success
11215,202109,2023-05-07 13:30:13,success
11215,202110,2023-05-07 13:30:14,success
11215,202111,2023-05-07 13:30:15,success
11215,202112,2023-05-07 13:30:17,success
11215,202201,2023-05-07 13:30:18,success
11215,202202,2023-05-07 13:30:19,success
11215,202203,2023-05-07 13:30:20,success
11215,202204,2023-05-07 13:30:21,success
11215,202205,2023-05-07 13:30:23,success
11215,202206,2023-05-07 13:30:24,success
11215,202207,2023-05-07 13:30:25,success
11215,202208,2023-05-07 13:30:27,success
11215,202209,2023-05-07 13:30:28,success
11215,202210,2023-05-07 13:30:29,success
11215,202211,2023-05-07 13:30:30,success
11215,202212,2023-05-07 13:30:31,success
11230,202001,2023-05-07 13:30:33,success
11230,202002,2023-05-07 13:30:34,success
11230,202003,2023-05-07 13:30:35,success
11230,202004,2023-05-07 13:30:36,success
11230,202005,2023-05-07 13:30:37,success
11230,202006,2023-05-07 13:30:39,success
11230,202007,2023-05-07 13:30:40,success
11230,202008,2023-05-07 13:30:41,success
11230,202009,2023-05-07 13:30:42,success
11230,202010,2023-05-07 13:30:43,success
11230,202011,2023-05-07 13:30:45,success
11230,202012,2023-05-07 13:30:46,success
11230,202101,2023-05-07 13:30:47,success
11230,202102,2023-05-07 13:30:49,success
11230,202103,2023-05-07 13:30:50,success
11230,202104,2023-05-07 13:30:51,success
11230,202105,2023-05-07 13:30:52,success
11230,202106,2023-05-07 13:30:53,success
11230,202107,2023-05-07 13:30:55,success
11230,202108,2023-05-07 13:30:56,success
11230,202109,2023-05-07 13:30:57,success
11230,202110,2023-05-07 13:30:58,success
11230,202111,2023-05-07 13:31:00,success
11230,202112,2023-05-07 13:31:01,success
11230,202201,2023-05-07 13:31:02,success
11230,202202,2023-05-07 13:31:03,success
11230,202203,2023-05-07 13:31:05,success
11230,202204,2023-05-07 13:31:06,success
11230,202205,2023-05-07 13:31:07,success
11230,202206,2023-05-07 13:31:08,success
11230,202207,2023-05-07 13:31:10,success
11230,202208,2023-05-07 13:31:11,success
11230,202209,2023-05-07 13:31:12,success
11230,202210,2023-05-07 13:31:13,success
11230,202211,2023-05-07 13:31:15,success
11230,202212,2023-05-07 13:31:16,success
11260,202001,2023-05-07 13:31:17,success
11260,202002,2023-05-07 13:31:18,success
11260,202003,2023-05-07 13:31:19,success
11260,202004,2023-05-07 13:31:21,success
11260,202005,2023-05-07 13:31:22,success
11260,202006,2023-05-07 13:31:23,success
11260,202007,2023-05-07 13:31:24,success
11260,202008,2023-05-07 13:31:26,success
11260,202009,2023-05-07 13:31:27,success
11260,202010,2023-05-07 13:31:28,success
11260,202011,2023-05-07 13:31:29,success
11260,202012,2023-05-07 13:31:30,success
11260,202101,2023-05-07 13:31:32,success
11260,202102,2023-05-07 13:31:33,success
11260,202103,2023-05-07 13:31:34,success
11260,202104,2023-05-07 13:31:35,success
11260,202105,2023-05-07 13:31:37,success
11260,202106,2023-05-07 13:31:38,success
11260,202107,2023-05-07 13:31:39,success
11260,202108,2023-05-07 13:31:40,success
11260,202109,2023-05-07 13:31:41,success
11260,202110,2023-05-07 13:31:43,success
11260,202111,2023-05-07 13:31:44,success
11260,202112,2023-05-07 13:31:45,success
11260,202201,2023-05-07 13:31:46,success
11260,202202,2023-05-07 13:31:47,success
11260,202203,2023-05-07 13:31:49,success
11260,202204,2023-05-07 13:31:50,success
11260,202205,2023-05-07 13:31:51,success
11260,202206,2023-05-07 13:31:52,success
11260,202207,2023-05-07 13:31:54,success
11260,202208,2023-05-07 13:31:55,success
11260,202209,2023-05-07 13:31:56,success
11260,202210,2023-05-07 13:31:57,success
11260,202211,2023-05-07 13:31:58,success
11260,202212,2023-05-07 13:32:00,success
11290,202001,2023-05-07 13:32:01,success
11290,202002,2023-05-07 13:32:02,success
11290,202003,2023-05-07 13:32:04,success
11290,202004,2023-05-07 13:32:05,success
11290,202005,2023-05-07 13:32:06,success
11290,202006,2023-05-07 13:32:07,success
11290,202007,2023-05-07 13:32:08,success
11290,202008,2023-05-07 13:32:10,success
11290,202009,2023-05-07 13:32:11,success
11290,202010,2023-05-07 13:32:12,success
11290,202011,2023-05-07 13:32:13,success
11290,202012,2023-05-07 13:32:14,success
11290,202101,2023-05-07 13:32:16,success
11290,202102,2023-05-07 13:32:17,success
11290,202103,2023-05-07 13:32:18,success
11290,202104,2023-05-07 13:32:19,success
11290,202105,2023-05-07 13:32:21,success
11290,202106,2023-05-07 13:32:22,success
11290,202107,2023-05-07 13:32:23,success
11290,202108,2023-05-07 13:32:24,success
11290,202109,2023-05-07 13:32:26,success
11290,202110,2023-05-07 13:32:27,success
11290,202111,2023-05-07 13:32:28,success
11290,202112,2023-05-07 13:32:29,success
11290,202201,2023-05-07 13:32:30,success
11290,202202,2023-05-07 13:32:32,success
11290,202203,2023-05-07 13:32:33,success
11290,202204,2023-05-07 13:32:34,success
11290,202205,2023-05-07 13:32:35,success
11290,202206,2023-05-07 13:32:37,success
11290,202207,2023-05-07 13:32:38,success
11290,202208,2023-05-07 13:32:39,success
11290,202209,2023-05-07 13:32:40,success
11290,202210,2023-05-07 13:32:41,success
11290,202211,2023-05-07 13:32:43,success
11290,202212,2023-05-07 13:32:44,success
11305,202001,2023-05-07 13:32:45,success
11305,202002,2023-05-07 13:32:46,success
11305,202003,2023-05-07 13:32:48,success
11305,202004,2023-05-07 13:32:49,success
11305,202005,2023-05-07 13:32:50,success
11305,202006,2023-05-07 13:32:51,success
11305,202007,2023-05-07 13:32:52,success
11305,202008,2023-05-07 13:32:54,success
11305,202009,2023-05-07 13:32:55,success
11305,202010,2023-05-07 13:32:56,success
11305,202011,2023-05-07 13:32:57,success
11305,202012,2023-05-07 13:32:59,success
11305,202101,2023-05-07 13:33:00,success
11305,202102,2023-05-07 13:33:01,success
11305,202103,2023-05-07 13:33:02,success
11305,202104,2023-05-07 13:33:03,success
11305,202105,2023-05-07 13:33:05,success
11305,202106,2023-05-07 13:33:06,success
11305,202107,2023-05-07 13:33:07,success
11305,202108,2023-05-07 13:33:08,success
11305,202109,2023-05-07 13:33:10,success
11305,202110,2023-05-07 13:33:11,success
11305,202111,2023-05-07 13:33:12,success
11305,202112,2023-05-07 13:33:13,success
11305,202201,2023-05-07 13:33:15,success
11305,202202,2023-05-07 13:33:16,success
11305,202203,2023-05-07 13:33:17,success
11305,202204,2023-05-07 13:33:19,success
11305,202205,2023-05-07 13:33:20,success
11305,202206,2023-05-07 13:33:21,success
11305,202207,2023-05-07 13:33:22,success
11305,202208,2023-05-07 13:33:23,success
11305,202209,2023-05-07 13:33:25,success
11305,202210,2023-05-07 13:33:26,success
11305,202211,2023-05-07 13:33:27,success
11305,202212,2023-05-07 13:33:28,success
11320,202001,2023-05-07 13:33:30,success
11320,202002,2023-05-07 13:33:31,success
11320,202003,2023-05-07 13:33:32,success
11320,202004,2023-05-07 13:33:34,success
11320,202005,2023-05-07 13:33:35,success
11320,202006,2023-05-07 13:33:36,success
11320,202007,2023-05-07 13:33:37,success
11320,202008,2023-05-07 13:33:39,success
11320,202009,2023-05-07 13:33:40,success
11320,202010,2023-05-07 13:33:41,success
11320,202011,2023-05-07 13:33:42,success
11320,202012,2023-05-07 13:33:43,success
11320,202101,2023-05-07 13:33:45,success
11320,202102,2023-05-07 13:33:46,success
11320,202103,2023-05-07 13:33:47,success
11320,202104,2023-05-07 13:33:48,success
11320,202105,2023-05-07 13:33:50,success
11320,202106,2023-05-07 13:33:51,success
11320,202107,2023-05-07 13:33:52,success
11320,202108,2023-05-07 13:33:53,success
11320,202109,2023-05-07 13:33:55,success
11320,202110,2023-05-07 13:33:56,success
11320,202111,2023-05-07 13:33:57,success
11320,202112,2023-05-07 13:33:58,success
11320,202201,2023-05-07 13:33:59,success
11320,202202,2023-05-07 13:34:01,success
11320,202203,2023-05-07 13:34:02,success
11320,202204,2023-05-07 13:34:03,success
11320,202205,2023-05-07 13:34:05,success
11320,202206,2023-05-07 13:34:06,success
11320,202207,2023-05-07 13:34:07,success
11320,202208,2023-05-07 13:34:08,success
11320,202209,2023-05-07 13:34:09,success
11320,202210,2023-05-07 13:34:11,success
11320,202211,2023-05-07 13:34:12,success
11320,202212,2023-05-07 13:34:14,success
11350,202001,2023-05-07 13:34:15,success
11350,202002,2023-05-07 13:34:16,success
11350,202003,2023-05-07 13:34:17,success
11350,202004,2023-05-07 13:34:18,success
11350,202005,2023-05-07 13:34:20,success
11350,202006,2023-05-07 13:34:21,success
11350,202007,2023-05-07 13:34:22,success
11350,202008,2023-05-07 13:34:23,success
11350,202009,2023-05-07 13:34:24,success
11350,202010,2023-05-07 13:34:26,success
11350,202011,2023-05-07 13:34:27,success
11350,202012,2023-05-07 13:34:28,success
11350,202101,2023-05-07 13:34:29,success
11350,202102,2023-05-07 13:34:31,success
11350,202103,2023-05-07 13:34:32,success
11350,202104,2023-05-07 13:34:33,success
11350,202105,2023-05-07 13:34:34,success
11350,202106,2023-05-07 13:34:35,success
11350,202107,2023-05-07 13:34:37,success
11350,202108,2023-05-07 13:34:38,success
11350,202109,2023-05-07 13:34:39,success
11350,202110,2023-05-07 13:34:40,success
11350,202111,2023-05-07 13:34:41,success
11350,202112,2023-05-07 13:34:43,success
11350,202201,2023-05-07 13:34:44,success
11350,202202,2023-05-07 13:34:45,success
11350,202203,2023-05-07 13:34:46,success
11350,202204,2023-05-07 13:34:48,success
11350,202205,2023-05-07 13:34:49,success
11350,202206,2023-05-07 13:34:51,success
11350,202207,2023-05-07 13:34:52,success
11350,202208,2023-05-07 13:34:53,success
11350,202209,2023-05-07 13:34:54,success
11350,202210,2023-05-07 13:34:55,success
11350,202211,2023-05-07 13:34:57,success
11350,202212,2023-05-07 13:34:58,success
11380,202001,2023-05-07 13:34:59,success
11380,202002,2023-05-07 13:35:00,success
11380,202003,2023-05-07 13:35:02,success
11380,202004,2023-05-07 13:35:03,success
11380,202005,2023-05-07 13:35:04,success
11380,202006,2023-05-07 13:35:05,success
11380,202007,2023-05-07 13:35:07,success
11380,202008,2023-05-07 13:35:08,success
11380,202009,2023-05-07 13:35:09,success
11380,202010,2023-05-07 13:35:10,success
11380,202011,2023-05-07 13:35:12,success
11380,202012,2023-05-07 13:35:13,success
11380,202101,2023-05-07 13:35:14,success
11380,202102,2023-05-07 13:35:15,success
11380,202103,2023-05-07 13:35:17,success
11380,202104,2023-05-07 13:35:18,success
11380,202105,2023-05-07 13:35:19,success
11380,202106,2023-05-07 13:35:20,success
11380,202107,2023-05-07 13:35:21,success
11380,202108,2023-05-07 13:35:23,success
11380,202109,2023-05-07 13:35:24,success
11380,202110,2023-05-07 13:35:25,success
11380,202111,2023-05-07 13:35:26,success
11380,202112,2023-05-07 13:35:28,success
11380,202201,2023-05-07 13:35:29,success
11380,202202,2023-05-07 13:35:30,success
11380,202203,2023-05-07 13:35:31,success
11380,202204,2023-05-07 13:35:32,success
11380,202205,2023-05-07 13:35:34,success
11380,202206,2023-05-07 13:35:35,success
11380,202207,2023-05-07 13:35:36,success
11380,202208,2023-05-07 13:35:37,success
11380,202209,2023-05-07 13:35:39,success
11380,202210,2023-05-07 13:35:40,success
11380,202211,2023-05-07 13:35:41,success
11380,202212,2023-05-07 13:35:43,success
11410,202001,2023-05-07 13:35:44,success
11410,202002,2023-05-07 13:35:45,success
11410,202003,2023-05-07 13:35:47,success
11410,202004,2023-05-07 13:35:48,success
11410,202005,2023-05-07 13:35:49,success
11410,202006,2023-05-07 13:35:50,success
11410,202007,2023-05-07 13:35:52,success
11410,202008,2023-05-07 13:35:53,success
11410,202009,2023-05-07 13:35:54,success
11410,202010,2023-05-07 13:35:55,success
11410,202011,2023-05-07 13:35:56,success
11410,202012,2023-05-07 13:35:58,success
11410,202101,2023-05-07 13:35:59,success
11410,202102,2023-05-07 13:36:00,success
11410,202103,2023-05-07 13:36:01,success
11410,202104,2023-05-07 13:36:03,success
11410,202105,2023-05-07 13:36:04,success
11410,202106,2023-05-07 13:36:05,success
11410,202107,2023-05-07 13:36:06,success
11410,202108,2023-05-07 13:36:08,success
11410,202109,2023-05-07 13:36:09,success
11410,202110,2023-05-07 13:36:10,success
11410,202111,2023-05-07 13:36:11,success
11410,202112,2023-05-07 13:36:12,success
11410,202201,2023-05-07 13:36:14,success
11410,202202,2023-05-07 13:36:15,success
11410,202203,2023-05-07 13:36:16,success
11410,202204,2023-05-07 13:36:17,success
11410,202205,2023-05-07 13:36:19,success
11410,202206,2023-05-07 13:36:20,success
11410,202207,2023-05-07 13:36:21,success
11410,202208,2023-05-07 13:36:22,success
11410,202209,2023-05-07 13:36:24,success
11410,202210,2023-05-07 13:36:25,success
11410,202211,2023-05-07 13:36:26,success
11410,202212,2023-05-07 13:36:28,success
11440,202001,2023-05-07 13:36:29,success
11440,202002,2023-05-07 13:36:30,success
11440,202003,2023-05-07 13:36:31,success
11440,202004,2023-05-07 13:36:33,success
11440,202005,2023-05-07 13:36:34,success
11440,202006,2023-05-07 13:36:35,success
11440,202007,2023-05-07 13:36:36,success
11440,202008,2023-05-07 13:36:37,success
11440,202009,2023-05-07 13:36:39,success
11440,202010,2023-05-07 13:36:40,success
11440,202011,2023-05-07 13:36:41,success
11440,202012,2023-05-07 13:36:42,success
11440,202101,2023-05-07 13:36:44,success
11440,202102,2023-05-07 13:36:45,success
11440,202103,2023-05-07 13:36:46,success
11440,202104,2023-05-07 13:36:47,success
11440,202105,2023-05-07 13:36:48,success
11440,202106,2023-05-07 13:36:50,success
11440,202107,2023-05-07 13:36:51,success
11440,202108,2023-05-07 13:36:53,success
11440,202109,2023-05-07 13:36:54,success
11440,202110,2023-05-07 13:36:55,success
11440,202111,2023-05-07 13:36:56,success
11440,202112,2023-05-07 13:36:57,success
11440,202201,2023-05-07 13:36:59,success
11440,202202,2023-05-07 13:37:00,success
11440,202203,2023-05-07 13:37:01,success
11440,202204,2023-05-07 13:37:02,success
11440,202205,2023-05-07 13:37:04,success
11440,202206,2023-05-07 13:37:05,success
11440,202207,2023-05-07 13:37:06,success
11440,202208,2023-05-07 13:37:07,success
11440,202209,2023-05-07 13:37:08,success
11440,202210,2023-05-07 13:37:10,success
11440,202211,2023-05-07 13:37:11,success
11440,202212,2023-05-07 13:37:12,success
11470,202001,2023-05-07 13:37:13,success
11470,202002,2023-05-07 13:37:15,success
11470,202003,2023-05-07 13:37:16,success
11470,202004,2023-05-07 13:37:17,success
11470,202005,2023-05-07 13:37:18,success
11470,202006,2023-05-07 13:37:20,success
11470,202007,2023-05-07 13:37:21,success
11470,202008,2023-05-07 13:37:22,success
11470,202009,2023-05-07 13:37:23,success
11470,202010,2023-05-07 13:37:24,success
11470,202011,2023-05-07 13:37:26,success
11470,202012,2023-05-07 13:37:27,success
11470,202101,2023-05-07 13:37:28,success
11470,202102,2023-05-07 13:37:29,success
11470,202103,2023-05-07 13:37:31,success
11470,202104,2023-05-07 13:37:32,success
11470,202105,2023-05-07 13:37:33,success
11470,202106,2023-05-07 13:37:34,success
11470,202107,2023-05-07 13:37:36,success
11470,202108,2023-05-07 13:37:37,success
11470,202109,2023-05-07 13:37:38,success
11470,202110,2023-05-07 13:37:39,success
11470,202111,2023-05-07 13:37:41,success
11470,202112,2023-05-07 13:37:42,success
11470,202201,2023-05-07 13:37:43,success
11470,202202,2023-05-07 13:37:44,success
11470,202203,2023-05-07 13:37:45,success
11470,202204,2023-05-07 13:37:47,success
11470,202205,2023-05-07 13:37:48,success
11470,202206,2023-05-07 13:37:49,success
11470,202207,2023-05-07 13:37:50,success
11470,202208,2023-05-07 13:37:51,success
11470,202209,2023-05-07 13:37:53,success
11470,202210,2023-05-07 13:37:54,success
11470,202211,2023-05-07 13:37:55,success
11470,202212,2023-05-07 13:37:56,success
11500,202001,2023-05-07 13:37:57,success
11500,202002,2023-05-07 13:37:59,success
11500,202003,2023-05-07 13:38:00,success
11500,202004,2023-05-07 13:38:01,success
11500,202005,2023-05-07 13:38:02,success
11500,202006,2023-05-07 13:38:04,success
11500,202007,2023-05-07 13:38:05,success
11500,202008,2023-05-07 13:38:06,success
11500,202009,2023-05-07 13:38:07,success
11500,202010,2023-05-07 13:38:08,success
11500,202011,2023-05-07 13:38:10,success
11500,202012,2023-05-07 13:38:11,success
11500,202101,2023-05-07 13:38:12,success
11500,202102,2023-05-07 13:38:13,success
11500,202103,2023-05-07 13:38:15,success
11500,202104,2023-05-07 13:38:16,success
11500,202105,2023-05-07 13:38:17,success
11500,202106,2023-05-07 13:38:18,success
11500,202107,2023-05-07 13:38:19,success
11500,202108,2023-05-07 13:38:21,success
11500,202109,2023-05-07 13:38:22,success
11500,202110,2023-05-07 13:38:23,success
11500,202111,2023-05-07 13:38:24,success
11500,202112,2023-05-07 13:38:25,success
11500,202201,2023-05-07 13:38:27,success
11500,202202,2023-05-07 13:38:28,success
11500,202203,2023-05-07 13:38:29,success
11500,202204,2023-05-07 13:38:30,success
11500,202205,2023-05-07 13:38:31,success
11500,202206,2023-05-07 13:38:33,success
11500,202207,2023-05-07 13:38:34,success
11500,202208,2023-05-07 13:38:35,success
11500,202209,2023-05-07 13:38:36,success
11500,202210,2023-05-07 13:38:38,success
11500,202211,2023-05-07 13:38:39,success
11500,202212,2023-05-07 13:38:40,success
11530,202001,2023-05-07 13:38:41,success
11530,202002,2023-05-07 13:38:42,success
11530,202003,2023-05-07 13:38:44,success
11530,202004,2023-05-07 13:38:45,success
11530,202005,2023-05-07 13:38:46,success
11530,202006,2023-05-07 13:38:47,success
11530,202007,2023-05-07 13:38:49,success
11530,202008,2023-05-07 13:38:50,success
11530,202009,2023-05-07 13:38:51,success
11530,202010,2023-05-07 13:38:52,success
11530,202011,2023-05-07 13:38:54,success
11530,202012,2023-05-07 13:38:55,success
11530,202101,2023-05-07 13:38:56,success
11530,202102,2023-05-07 13:38:57,success
11530,202103,2023-05-07 13:38:59,success
11530,202104,2023-05-07 13:39:00,success
11530,202105,2023-05-07 13:39:01,success
11530,202106,2023-05-07 13:39:03,success
11530,202107,2023-05-07 13:39:04,success
11530,202108,2023-05-07 13:39:05,success
11530,202109,2023-05-07 13:39:06,success
11530,202110,2023-05-07 13:39:07,success
11530,202111,2023-05-07 13:39:09,success
11530,202112,2023-05-07 13:39:10,success
11530,202201,2023-05-07 13:39:11,success
11530,202202,2023-05-07 13:39:12,success
11530,202203,2023-05-07 13:39:13,success
11530,202204,2023-05-07 13:39:15,success
11530,202205,2023-05-07 13:39:16,success
11530,202206,2023-05-07 13:39:17,success
11530,202207,2023-05-07 13:39:18,success
11530,202208,2023-05-07 13:39:20,success
11530,202209,2023-05-07 13:39:21,success
11530,202210,2023-05-07 13:39:22,success
11530,202211,2023-05-07 13:39:23,success
11530,202212,2023-05-07 13:39:24,success
11545,202001,2023-05-07 13:39:26,success
11545,202002,2023-05-07 13:39:27,success
11545,202003,2023-05-07 13:39:28,success
11545,202004,2023-05-07 13:39:29,success
11545,202005,2023-05-07 13:39:30,success
11545,202006,2023-05-07 13:39:32,success
11545,202007,2023-05-07 13:39:33,success
11545,202008,2023-05-07 13:39:34,success
11545,202009,2023-05-07 13:39:36,success
11545,202010,2023-05-07 13:39:37,success
11545,202011,2023-05-07 13:39:38,success
11545,202012,2023-05-07 13:39:39,success
11545,202101,2023-05-07 13:39:41,success
11545,202102,2023-05-07 13:39:42,success
11545,202103,2023-05-07 13:39:43,success
11545,202104,2023-05-07 13:39:44,success
11545,202105,2023-05-07 13:39:45,success
11545,202106,2023-05-07 13:39:47,success
11545,202107,2023-05-07 13:39:48,success
11545,202108,2023-05-07 13:39:49,success
11545,202109,2023-05-07 13:39:51,success
11545,202110,2023-05-07 13:39:52,success
11545,202111,2023-05-07 13:39:53,success
11545,202112,2023-05-07 13:39:54,success
11545,202201,2023-05-07 13:39:56,success
11545,202202,2023-05-07 13:39:57,success
11545,202203,2023-05-07 13:39:58,success
11545,202204,2023-05-07 13:39:59,success
11545,202205,2023-05-07 13:40:01,success
11545,202206,2023-05-07 13:40:02,success
11545,202207,2023-05-07 13:40:03,success
11545,202208,2023-05-07 13:40:05,success
11545,202209,2023-05-07 13:40:06,success
11545,202210,2023-05-07 13:40:07,success
11545,202211,2023-05-07 13:40:08,success
11545,202212,2023-05-07 13:40:10,success
11560,202001,2023-05-07 13:40:11,success
11560,202002,2023-05-07 13:40:12,success
11560,202003,2023-05-07 13:40:13,success
11560,202004,2023-05-07 13:40:15,success
11560,202005,2023-05-07 13:40:16,success
11560,202006,2023-05-07 13:40:17,success
11560,202007,2023-05-07 13:40:18,success
11560,202008,2023-05-07 13:40:20,success
11560,202009,2023-05-07 13:40:21,success
11560,202010,2023-05-07 13:40:22,success
11560,202011,2023-05-07 13:40:23,success
11560,202012,2023-05-07 13:40:25,success
11560,202101,2023-05-07 13:40:26,success
11560,202102,2023-05-07 13:40:27,success
11560,202103,2023-05-07 13:40:28,success
11560,202104,2023-05-07 13:40:29,success
11560,202105,2023-05-07 13:40:31,success
11560,202106,2023-05-07 13:40:32,success
11560,202107,2023-05-07 13:40:33,success
11560,202108,2023-05-07 13:40:34,success
11560,202109,2023-05-07 13:40:36,success
11560,202110,2023-05-07 13:40:37,success
11560,202111,2023-05-07 13:40:38,success
11560,202112,2023-05-07 13:40:39,success
11560,202201,2023-05-07 13:40:41,success
11560,202202,2023-05-07 13:40:42,success
11560,202203,2023-05-07 13:40:43,success
11560,202204,2023-05-07 13:40:44,success
11560,202205,2023-05-07 13:40:46,success
11560,202206,2023-05-07 13:40:47,success
11560,202207,2023-05-07 13:40:48,success
11560,202208,2023-05-07 13:40:50,success
11560,202209,2023-05-07 13:40:51,success
11560,202210,2023-05-07 13:40:52,success
11560,202211,2023-05-07 13:40:53,success
11560,202212,2023-05-07 13:40:55,success
11590,202001,2023-05-07 13:40:56,success
11590,202002,2023-05-07 13:40:57,success
11590,202003,2023-05-07 13:40:58,success
11590,202004,2023-05-07 13:41:00,success
11590,202005,2023-05-07 13:41:01,success
11590,202006,2023-05-07 13:41:02,success
11590,202007,2023-05-07 13:41:03,success
11590,202008,2023-05-07 13:41:04,success
11590,202009,2023-05-07 13:41:06,success
11590,202010,2023-05-07 13:41:07,success
11590,202011,2023-05-07 13:41:08,success
11590,202012,2023-05-07 13:41:10,success
11590,202101,2023-05-07 13:41:11,success
11590,202102,2023-05-07 13:41:12,success
11590,202103,2023-05-07 13:41:13,success
11590,202104,2023-05-07 13:41:14,success
11590,202105,2023-05-07 13:41:16,success
11590,202106,2023-05-07 13:41:17,success
11590,202107,2023-05-07 13:41:18,success
11590,202108,2023-05-07 13:41:19,success
11590,202109,2023-05-07 13:41:21,success
11590,202110,2023-05-07 13:41:22,success
11590,202111,2023-05-07 13:41:23,success
11590,202112,2023-05-07 13:41:24,success
11590,202201,2023-05-07 13:41:25,success
11590,202202,2023-05-07 13:41:27,success
11590,202203,2023-05-07 13:41:28,success
11590,202204,2023-05-07 13:41:29,success
11590,202205,2023-05-07 13:41:30,success
11590,202206,2023-05-07 13:41:32,success
11590,202207,2023-05-07 13:41:33,success
11590,202208,2023-05-07 13:41:34,success
11590,202209,2023-05-07 13:41:35,success
11590,202210,2023-05-07 13:41:36,success
11590,202211,2023-05-07 13:41:38,success
11590,202212,2023-05-07 13:41:39,success
11620,202001,2023-05-07 13:41:40,success
11620,202002,2023-05-07 13:41:41,success
11620,202003,2023-05-07 13:41:43,success
11620,202004,2023-05-07 13:41:44,success
11620,202005,2023-05-07 13:41:45,success
11620,202006,2023-05-07 13:41:46,success
11620,202007,2023-05-07 13:41:48,success
11620,202008,2023-05-07 13:41:49,success
11620,202009,2023-05-07 13:41:50,success
11620,202010,2023-05-07 13:41:51,success
11620,202011,2023-05-07 13:41:53,success
11620,202012,2023-05-07 13:41:54,success
11620,202101,2023-05-07 13:41:55,success
11620,202102,2023-05-07 13:41:56,success
11620,202103,2023-05-07 13:41:58,success
11620,202104,2023-05-07 13:41:59,success
11620,202105,2023-05-07 13:42:00,success
11620,202106,2023-05-07 13:42:01,success
11620,202107,2023-05-07 13:42:02,success
11620,202108,2023-05-07 13:42:04,success
11620,202109,2023-05-07 13:42:05,success
11620,202110,2023-05-07 13:42:06,success
11620,202111,2023-05-07 13:42:08,success
11620,202112,2023-05-07 13:42:09,success
11620,202201,2023-05-07 13:42:10,success
11620,202202,2023-05-07 13:42:11,success
11620,202203,2023-05-07 13:42:13,success
11620,202204,2023-05-07 13:42:14,success
11620,202205,2023-05-07 13:42:15,success
11620,202206,2023-05-07 13:42:17,success
11620,202207,2023-05-07 13:42:18,success
11620,202208,2023-05-07 13:42:19,success
11620,202209,2023-05-07 13:42:20,success
11620,202210,2023-05-07 13:42:21,success
11620,202211,2023-05-07 13:42:23,success
11620,202212,2023-05-07 13:42:24,success
11650,202001,2023-05-07 13:42:25,success
11650,202002,2023-05-07 13:42:26,success
11650,202003,2023-05-07 13:42:27,success
11650,202004,2023-05-07 13:42:29,success
11650,202005,2023-05-07 13:42:30,success
11650,202006,2023-05-07 13:42:31,success
11650,202007,2023-05-07 13:42:32,success
11650,202008,2023-05-07 13:42:34,success
11650,202009,2023-05-07 13:42:35,success
11650,202010,2023-05-07 13:42:36,success
11650,202011,2023-05-07 13:42:37,success
11650,202012,2023-05-07 13:42:39,success
11650,202101,2023-05-07 13:42:40,success
11650,202102,2023-05-07 13:42:41,success
11650,202103,2023-05-07 13:42:42,success
11650,202104,2023-05-07 13:42:44,success
11650,202105,2023-05-07 13:42:45,success
11650,202106,2023-05-07 13:42:46,success
11650,202107,2023-05-07 13:42:46,success
11650,202108,2023-05-07 13:42:47,success
11650,202109,2023-05-07 13:42:48,success
11650,202110,2023-05-07 13:42:49,success
11650,202111,2023-05-07 13:42:49,success
11650,202112,2023-05-07 13:42:50,success
11650,202201,2023-05-07 13:42:51,success
11650,202202,2023-05-07 13:42:52,success
11650,202203,2023-05-07 13:42:53,success
11650,202204,2023-05-07 13:42:53,success
11650,202205,2023-05-07 13:42:54,success
11650,202206,2023-05-07 13:42:55,success
11650,202207,2023-05-07 13:42:56,success
11650,202208,2023-05-07 13:42:56,success
11650,202209,2023-05-07 13:42:57,success
11650,202210,2023-05-07 13:42:58,success
11650,202211,2023-05-07 13:42:59,success
11650,202212,2023-05-07 13:42:59,success
11680,202001,2023-05-07 13:43:00,success
11680,202002,2023-05-07 13:43:01,success
11680,202003,2023-05-07 13:43:02,success
11680,202004,2023-05-07 13:43:02,success
11680,202005,2023-05-07 13:43:03,success
11680,202006,2023-05-07 13:43:04,success
11680,202007,2023-05-07 13:43:05,success
11680,202008,2023-05-07 13:43:05,success
11680,202009,2023-05-07 13:43:06,success
11680,202010,2023-05-07 13:43:07,success
11680,202011,2023-05-07 13:43:08,success
11680,202012,2023-05-07 13:43:08,success
11680,202101,2023-05-07 13:43:09,success
11680,202102,2023-05-07 13:43:10,success
11680,202103,2023-05-07 13:43:11,success
11680,202104,2023-05-07 13:43:11,success
11680,202105,2023-05-07 13:43:12,success
11680,202106,2023-05-07 13:43:13,success
11680,202107,2023-05-07 13:43:14,success
11680,202108,2023-05-07 13:43:14,success
11680,202109,2023-05-07 13:43:15,success
11680,202110,2023-05-07 13:43:16,success
11680,202111,2023-05-07 13:43:17,success
11680,202112,2023-05-07 13:43:18,success
11680,202201,2023-05-07 13:43:18,success
11680,202202,2023-05-07 13:43:19,success
11680,202203,2023-05-07 13:43:20,success
11680,202204,2023-05-07 13:43:21,success
11680,202205,2023-05-07 13:43:21,success
11680,202206,2023-05-07 13:43:22,success
11680,202207,2023-05-07 13:43:23,success
11680,202208,2023-05-07 13:43:24,success
11680,202209,2023-05-07 13:43:24,success
11680,202210,2023-05-07 13:43:25,success
11680,202211,2023-05-07 13:43:26,success
11680,202212,2023-05-07 13:43:27,success
11710,202001,2023-05-07 13:43:27,success
11710,202002,2023-05-07 13:43:28,success
11710,202003,2023-05-07 13:43:29,success
11710,202004,2023-05-07 13:43:30,success
11710,202005,2023-05-07 13:43:31,success
11710,202006,2023-05-07 13:43:31,success
11710,202007,2023-05-07 13:43:32,success
11710,202008,2023-05-07 13:43:33,success
11710,202009,2023-05-07 13:43:34,success
11710,202010,2023-05-07 13:43:35,success
11710,202011,2023-05-07 13:43:35,success
11710,202012,2023-05-07 13:43:36,success
11710,202101,2023-05-07 13:43:37,success
11710,202102,2023-05-07 13:43:38,success
11710,202103,2023-05-07 13:43:38,success
11710,202104,2023-05-07 13:43:39,success
11710,202105,2023-05-07 13:43:40,success
11710,202106,2023-05-07 13:43:41,success
11710,202107,2023-05-07 13:43:41,success
11710,202108,2023-05-07 13:43:42,success
11710,202109,2023-05-07 13:43:43,success
11710,202110,2023-05-07 13:43:44,success
11710,202111,2023-05-07 13:43:45,success
11710,202112,2023-05-07 13:43:45,success
11710,202201,2023-05-07 13:43:46,success
11710,202202,2023-05-07 13:43:47,success
11710,202203,2023-05-07 13:43:48,success
11710,202204,2023-05-07 13:43:48,success
11710,202205,2023-05-07 13:43:49,success
11710,202206,2023-05-07 13:43:50,success
11710,202207,2023-05-07 13:43:51,success
11710,202208,2023-05-07 13:43:51,success
11710,202209,2023-05-07 13:43:52,success
11710,202210,2023-05-07 13:43:53,success
11710,202211,2023-05-07 13:43:54,success
11710,202212,2023-05-07 13:43:54,success
11740,202001,2023-05-07 13:43:55,success
11740,202002,2023-05-07 13:43:56,success
11740,202003,2023-05-07 13:43:57,success
11740,202004,2023-05-07 13:43:57,success
11740,202005,2023-05-07 13:43:58,success
11740,202006,2023-05-07 13:43:59,success
11740,202007,2023-05-07 13:44:00,success
11740,202008,2023-05-07 13:44:01,success
11740,202009,2023-05-07 13:44:01,success
11740,202010,2023-05-07 13:44:02,success
11740,202011,2023-05-07 13:44:03,success
11740,202012,2023-05-07 13:44:04,success
11740,202101,2023-05-07 13:44:04,success
11740,202102,2023-05-07 13:44:05,success
11740,202103,2023-05-07 13:44:06,success
11740,202104,2023-05-07 13:44:07,success
11740,202105,2023-05-07 13:44:08,success
11740,202106,2023-05-07 13:44:08,success
11740,202107,2023-05-07 13:44:09,success
11740,202108,2023-05-07 13:44:10,success
11740,202109,2023-05-07 13:44:11,success
11740,202110,2023-05-07 13:44:11,success
11740,202111,2023-05-07 13:44:12,success
11740,202112,2023-05-07 13:44:13,success
11740,202201,2023-05-07 13:44:14,success
11740,202202,2023-05-07 13:44:15,success
11740,202203,2023-05-07 13:44:15,success
11740,202204,2023-05-07 13:44:16,success
11740,202205,2023-05-07 13:44:17,success
11740,202206,2023-05-07 13:44:18,success
11740,202207,2023-05-07 13:44:18,success
11740,202208,2023-05-07 13:44:19,success
11740,202209,2023-05-07 13:44:20,success
11740,202210,2023-05-07 13:44:21,success
11740,202211,2023-05-07 13:44:21,success
11740,202212,2023-05-07 13:44:22,success
